-- Script para insertar más de 100 registros de prueba en cada tabla.

-- Insertando 101 Instructores
INSERT INTO instructores (id, name, email) VALUES ('4c83af48-ffc9-4bcc-9de6-0591497b7aed', 'Heraclio del Olmedo', 'qribera@example.net');
INSERT INTO instructores (id, name, email) VALUES ('88ad0211-3406-40d9-9689-fc5a31d0c97b', 'Marciano Robledo Julián', 'castellfelipa@example.net');
INSERT INTO instructores (id, name, email) VALUES ('10d9486a-dc41-4fd3-8e8a-6a5b734474dd', 'Edgardo Benitez Santana', 'lucia33@example.net');
INSERT INTO instructores (id, name, email) VALUES ('1c291a9b-24ff-46ea-8da8-1dcd868237d8', 'Bruno Álamo Valencia', 'fernandocanals@example.net');
INSERT INTO instructores (id, name, email) VALUES ('fda2f8e2-d88c-48d1-ad9c-55e27d91c4de', 'Juanita Busquets Águila', 'titoperalta@example.net');
INSERT INTO instructores (id, name, email) VALUES ('62182868-e474-46ed-8452-df83e2fa372b', 'Buenaventura Palacio-Barrera', 'vgarces@example.net');
INSERT INTO instructores (id, name, email) VALUES ('611281d5-3bd5-4090-a18f-aaa20e209df7', 'Ágata del Ferrera', 'gbarragan@example.org');
INSERT INTO instructores (id, name, email) VALUES ('a1b7f96b-877f-4c83-90b3-333bbdfd690e', 'Estela Borrego Cabezas', 'pascualmorales@example.org');
INSERT INTO instructores (id, name, email) VALUES ('fa07d73d-8d9a-4d11-bff2-82d323c98ee0', 'Merche Arregui Andres', 'rosafrancisco@example.net');
INSERT INTO instructores (id, name, email) VALUES ('61ea83d0-5d41-4e89-9acc-57056cded59f', 'Heraclio Company-Salvador', 'porrasamalia@example.com');
INSERT INTO instructores (id, name, email) VALUES ('0ba7ba01-4fb8-4117-b98e-441d77e3611b', 'Leocadio de Toledo', 'ester14@example.com');
INSERT INTO instructores (id, name, email) VALUES ('d1429e89-ac14-4def-9b78-cdf31c96f9f3', 'Gil Chema Abellán Martín', 'lazaro76@example.net');
INSERT INTO instructores (id, name, email) VALUES ('06d0de8a-e7c1-4e2a-a9da-27ee3650926d', 'Juan Francisco Cuenca', 'pascualarivero@example.org');
INSERT INTO instructores (id, name, email) VALUES ('b489fe25-6c94-4a84-98df-96944ebc9d96', 'Salomón Parejo Alonso', 'lucashermenegildo@example.net');
INSERT INTO instructores (id, name, email) VALUES ('8cd763eb-356f-4505-a951-ea2397cbd6a8', 'Seve Botella-Mendez', 'kruiz@example.com');
INSERT INTO instructores (id, name, email) VALUES ('6fe09d24-0147-468e-825f-55ddae97575d', 'Adelaida Juliá Laguna', 'albino05@example.net');
INSERT INTO instructores (id, name, email) VALUES ('3ffaa0be-8c82-4859-9457-be810dc84863', 'Fulgencio Jose Berenguer Montaña', 'gasparjove@example.com');
INSERT INTO instructores (id, name, email) VALUES ('9b464f56-d903-4180-9f3a-b8d19386d072', 'Eloísa Mariño Colom', 'amada07@example.org');
INSERT INTO instructores (id, name, email) VALUES ('27037840-2761-4d51-ad68-8f7f80a2323b', 'Nicodemo Muro Piquer', 'iespinosa@example.net');
INSERT INTO instructores (id, name, email) VALUES ('c0473e01-1b54-4764-8252-73b7960477e2', 'Javiera Fonseca', 'llopiscayetano@example.org');
INSERT INTO instructores (id, name, email) VALUES ('78de427b-1351-4134-aedd-bb83ad8b1432', 'Natanael Aranda Vallejo', 'nmartinez@example.com');
INSERT INTO instructores (id, name, email) VALUES ('a6029995-d862-4d8b-9d1d-51062c6a3007', 'Constanza Galvez', 'albino75@example.net');
INSERT INTO instructores (id, name, email) VALUES ('3e866a8c-1033-4403-887f-62068b8eb14d', 'Dolores Manola Cantón Feijoo', 'qpaez@example.org');
INSERT INTO instructores (id, name, email) VALUES ('b1166394-b0be-4956-9e0b-66829b632c0f', 'Poncio Rosell Madrid', 'ramonolivera@example.com');
INSERT INTO instructores (id, name, email) VALUES ('d16eb51e-53eb-424a-a898-66b894078f4a', 'Íngrid Gras Cuéllar', 'maricruz47@example.net');
INSERT INTO instructores (id, name, email) VALUES ('acc90aa0-c374-466b-94f6-fcaad6cd9cc6', 'Marciano Lago Olmedo', 'roldangonzalo@example.com');
INSERT INTO instructores (id, name, email) VALUES ('7fa9cf55-3e88-4010-b4fa-f19f805fe104', 'Raimundo de Guijarro', 'alonsonico@example.com');
INSERT INTO instructores (id, name, email) VALUES ('19652c61-4ed9-4c67-8fbb-b7a10c37206d', 'Teo Vergara Ribera', 'franchemperatriz@example.net');
INSERT INTO instructores (id, name, email) VALUES ('bee88877-ebf9-48b5-9359-39a1565a5291', 'Amparo Ponce Roda', 'oscar52@example.org');
INSERT INTO instructores (id, name, email) VALUES ('dcdd6322-99fa-42d6-b7c3-45292650ea0b', 'Arsenio Parejo', 'lferran@example.org');
INSERT INTO instructores (id, name, email) VALUES ('9a4fdd36-a638-4b6f-9d37-3b47df5678d2', 'Olegario Cuéllar Aliaga', 'jordana19@example.net');
INSERT INTO instructores (id, name, email) VALUES ('2cda6515-c0bf-4817-8cc3-a66c65853d2b', 'Geraldo Marcos Cabañas Gallart', 'nicolascabanillas@example.net');
INSERT INTO instructores (id, name, email) VALUES ('ba6d4885-ba46-4d95-9995-f29459af10a6', 'Pío Rodríguez Villanueva', 'juliamiriam@example.com');
INSERT INTO instructores (id, name, email) VALUES ('77462451-012c-4153-9384-1b0c25dc582f', 'María Jesús Ramis Baró', 'marcoleoncio@example.com');
INSERT INTO instructores (id, name, email) VALUES ('2b1ec0f0-1b1f-4ae4-b183-9579e9b075a8', 'Tatiana Sans Cifuentes', 'ema17@example.com');
INSERT INTO instructores (id, name, email) VALUES ('c861a918-1bfd-45e0-b521-c085556c351c', 'Erasmo Casanovas-Mendoza', 'ascensionestrada@example.com');
INSERT INTO instructores (id, name, email) VALUES ('e3827223-b703-493c-a550-c248e25fe827', 'Adán Portillo Ruiz', 'ascension04@example.net');
INSERT INTO instructores (id, name, email) VALUES ('ed50eb98-b4ec-4467-b1b6-bd1270458741', 'Artemio Botella Bravo', 'vlozano@example.net');
INSERT INTO instructores (id, name, email) VALUES ('5cdd82ce-da57-4ef1-b183-3468a8b294aa', 'Amada Vergara', 'evaristo83@example.com');
INSERT INTO instructores (id, name, email) VALUES ('d766e517-2ee6-49df-a2b4-22f6bc38e8d4', 'Pedro Agustí Doménech', 'jonatanpombo@example.org');
INSERT INTO instructores (id, name, email) VALUES ('42d963a8-8f62-4da1-8dca-b232b5f73ec2', 'Crescencia Montserrat Galan', 'sotelodan@example.net');
INSERT INTO instructores (id, name, email) VALUES ('729ab217-2a9b-4efe-9885-7443ed467ad3', 'Jeremías Acedo Rodríguez', 'qhervas@example.org');
INSERT INTO instructores (id, name, email) VALUES ('1b2fc97a-1b9d-4912-89d1-45edc535f1d6', 'Domitila Prats Castellanos', 'leopoldomanso@example.org');
INSERT INTO instructores (id, name, email) VALUES ('529c017b-9998-42d1-b7ed-830ea482289d', 'Celestina Aroa Agudo Arribas', 'carinafajardo@example.com');
INSERT INTO instructores (id, name, email) VALUES ('65485d2d-871e-49ba-a5e2-e205a3a91abc', 'Borja de Ros', 'bhervas@example.net');
INSERT INTO instructores (id, name, email) VALUES ('0ad431eb-4f93-44bd-8ee2-8fffe0756dbf', 'Gema Pi Barbero', 'kfeliu@example.com');
INSERT INTO instructores (id, name, email) VALUES ('55909d11-73af-47ec-acc7-f41d561305c8', 'Donato Sanmiguel Larrea', 'cayetano26@example.org');
INSERT INTO instructores (id, name, email) VALUES ('f94299d9-d892-44c0-9ac8-5a1a8f1f6b60', 'Wálter Castejón-Ripoll', 'gerardoalfaro@example.com');
INSERT INTO instructores (id, name, email) VALUES ('60243be2-9db6-4376-af6b-26c31d7dad21', 'Mateo Vázquez Álvaro', 'wfonseca@example.net');
INSERT INTO instructores (id, name, email) VALUES ('e59a0ce9-1d1a-4e51-b5ac-e6ca1ed6732e', 'Cruz Azcona-Arnal', 'ortegaflorinda@example.net');
INSERT INTO instructores (id, name, email) VALUES ('97e764c4-e89f-4a24-b539-a91ed3ac9f66', 'Carmelo Tenorio', 'hcabello@example.com');
INSERT INTO instructores (id, name, email) VALUES ('c6abf31f-fc1c-4ca0-9523-4ee30627eb5f', 'Cristina Parejo', 'jacinto12@example.com');
INSERT INTO instructores (id, name, email) VALUES ('486994e2-b9e1-4961-a3d1-917ce588bc27', 'Benigna Lorenzo Bárcena', 'carlosnino@example.com');
INSERT INTO instructores (id, name, email) VALUES ('145b0268-41a4-47db-9cd5-7024189cec88', 'Cándido Álvaro Leiva', 'pulidojenny@example.org');
INSERT INTO instructores (id, name, email) VALUES ('5a2c38e4-6ee7-4fa1-9e06-e06f03425848', 'Itziar Palma Arcos', 'nadalamparo@example.org');
INSERT INTO instructores (id, name, email) VALUES ('bf6bf246-f43c-4da9-904c-733a1b2b30e7', 'Rosalía Torre-Dalmau', 'tristan59@example.org');
INSERT INTO instructores (id, name, email) VALUES ('704dc7f6-4d89-408c-adba-045bf8d2fa20', 'Federico Guijarro Bernat', 'eligiomoll@example.net');
INSERT INTO instructores (id, name, email) VALUES ('6e8df3ba-4545-4bae-ae28-0dc7b9da6a44', 'Marcelino Calderón', 'candelariopalomar@example.com');
INSERT INTO instructores (id, name, email) VALUES ('6d610833-4e07-4a86-b92c-2007a2738a72', 'Herminio Bruno Pérez Ortiz', 'tamayoabraham@example.org');
INSERT INTO instructores (id, name, email) VALUES ('33af66bf-20cb-4836-8b66-3d2029f65c33', 'Claudio Fabricio Otero Galiano', 'wfernandez@example.net');
INSERT INTO instructores (id, name, email) VALUES ('b5786931-66b0-4833-b7e1-20c2b552c814', 'Donato Colom Silva', 'consuelaprats@example.com');
INSERT INTO instructores (id, name, email) VALUES ('865f1276-7d2d-46b8-9887-bfc782a5b1d8', 'Vidal del Jimenez', 'warevalo@example.net');
INSERT INTO instructores (id, name, email) VALUES ('5e4c01c9-063d-4cad-9430-6ef2d38fc083', 'Aura Peña-Mascaró', 'fmarco@example.com');
INSERT INTO instructores (id, name, email) VALUES ('6f6519c7-37fc-4101-81ca-f650e4691976', 'Imelda Enríquez Terrón', 'byuste@example.com');
INSERT INTO instructores (id, name, email) VALUES ('574a9d75-9c76-4fad-9013-1a8d90857432', 'Salomón Herranz Barreda', 'lvargas@example.net');
INSERT INTO instructores (id, name, email) VALUES ('d7f37e6b-a3b9-4fcb-a16e-1caa7470d7f2', 'Aura Serna Bas', 'kfortuny@example.org');
INSERT INTO instructores (id, name, email) VALUES ('9a396345-41dd-404e-a550-a94910b711c7', 'Hilario Juan Carlos Blanch Olmo', 'lloretafrica@example.org');
INSERT INTO instructores (id, name, email) VALUES ('a1884bc9-2a3f-408e-a968-95cdff9f4577', 'Celia Acuña-Borja', 'jacinto64@example.net');
INSERT INTO instructores (id, name, email) VALUES ('c899161f-9a21-474d-9478-68269caf4881', 'Román Carvajal-Sáez', 'basilio15@example.net');
INSERT INTO instructores (id, name, email) VALUES ('a038677b-423d-4e0c-8e59-94916d758a5a', 'Inocencio Águila Nogueira', 'montenegrojenny@example.org');
INSERT INTO instructores (id, name, email) VALUES ('5f1e9b36-d9cc-4ee5-83b7-004d8eeb0c91', 'Vilma Barón Puig', 'constanza11@example.net');
INSERT INTO instructores (id, name, email) VALUES ('d75ac3fe-fb18-4a93-a3ee-c18db533bcf1', 'Estrella Catalán Maldonado', 'maria-del-carmenvalera@example.com');
INSERT INTO instructores (id, name, email) VALUES ('c63ee452-a5e2-4e56-a6f5-36e1d955e31d', 'Rosario Dueñas Paredes', 'jose-manueltenorio@example.org');
INSERT INTO instructores (id, name, email) VALUES ('a0d0c14e-1db2-4b2e-a29c-e80f0f27ea25', 'María Romeu Abad', 'yoller@example.net');
INSERT INTO instructores (id, name, email) VALUES ('a79d6eef-2c49-4314-b44c-1cd3df6b96c1', 'Rosa María Coloma Gámez', 'yesicamarti@example.org');
INSERT INTO instructores (id, name, email) VALUES ('615c2708-7224-430b-9cb0-2942fb6b72ba', 'Olga Arjona Pascual', 'cerezolucila@example.net');
INSERT INTO instructores (id, name, email) VALUES ('8162ec08-4451-4bd7-b20e-b242213182b2', 'Marisa Pla Agullo', 'pratsursula@example.com');
INSERT INTO instructores (id, name, email) VALUES ('1ea52216-cfab-4a5c-b4e5-69984e3ad091', 'Beatriz Amparo Coronado Enríquez', 'dionisia90@example.net');
INSERT INTO instructores (id, name, email) VALUES ('7f294eeb-ff5b-4d1a-903c-44a652133e05', 'José María Núñez Jerez', 'cletomontes@example.com');
INSERT INTO instructores (id, name, email) VALUES ('8ee1e944-6f2d-4eab-aef2-12ee217f6eb9', 'María Dolores Villanueva Fabra', 'verdejocarlota@example.com');
INSERT INTO instructores (id, name, email) VALUES ('bf512063-1043-4b1f-af25-2f57954ce085', 'Roldán Vázquez Pastor', 'miguela23@example.com');
INSERT INTO instructores (id, name, email) VALUES ('4dd957de-515e-487e-8a29-ce5f0295025a', 'Ignacio Navarro-Montero', 'climaco06@example.org');
INSERT INTO instructores (id, name, email) VALUES ('a40df140-651d-42ff-83f6-3a53f957fb77', 'Quirino Boada Colomer', 'bgarcia@example.net');
INSERT INTO instructores (id, name, email) VALUES ('11c14886-0736-4cae-9b06-b6b137522074', 'Trinidad Campoy Riera', 'xgarcia@example.com');
INSERT INTO instructores (id, name, email) VALUES ('5f43fd81-c2e5-4228-9b04-6820b855dd25', 'Albino de Esteban', 'fabricio57@example.com');
INSERT INTO instructores (id, name, email) VALUES ('dbd19eff-9b4d-42c6-9ac1-34bde5bf769a', 'Iván Guadalupe Piñol Bou', 'cadenasdafne@example.net');
INSERT INTO instructores (id, name, email) VALUES ('24390c79-4642-4ddd-b12f-7471d2993d15', 'Bernardino Benavente-Diéguez', 'pia93@example.com');
INSERT INTO instructores (id, name, email) VALUES ('7e8d946c-32f5-4e50-9634-e17db5a054a5', 'Arturo Aragón Goñi', 'zaidasabater@example.net');
INSERT INTO instructores (id, name, email) VALUES ('82f81993-88c1-40ad-b23d-734afc05b713', 'Samu Caro España', 'amalia95@example.org');
INSERT INTO instructores (id, name, email) VALUES ('3e961c78-4646-4694-a86d-6d3ef4724a83', 'Coral Buendía Benavides', 'fuerteshilda@example.com');
INSERT INTO instructores (id, name, email) VALUES ('29ca2afa-f801-43a5-9a26-d2926bf714ab', 'Asdrubal Calzada', 'mquevedo@example.org');
INSERT INTO instructores (id, name, email) VALUES ('226b4ed0-879d-4089-bde1-fea5338ad493', 'Benigna Trujillo', 'miriamfajardo@example.net');
INSERT INTO instructores (id, name, email) VALUES ('5c448082-9819-45cd-90f4-9a54c5272acf', 'Marino del Anaya', 'oandrade@example.net');
INSERT INTO instructores (id, name, email) VALUES ('b9fd6810-1dee-4454-bf83-8d26adb7062b', 'Manuel Montalbán-Gil', 'ppina@example.com');
INSERT INTO instructores (id, name, email) VALUES ('6cd286fc-939f-4a3e-9496-8dd6e9954ae9', 'Édgar Beltran-Mateos', 'olivemelania@example.net');
INSERT INTO instructores (id, name, email) VALUES ('a9d97a29-eb45-4f2e-b443-80c26719a704', 'Perla Falcón Malo', 'imolins@example.net');
INSERT INTO instructores (id, name, email) VALUES ('994ead16-9575-4f92-91f7-b3a87f8ba5a4', 'Máximo Izquierdo Céspedes', 'eloy82@example.net');
INSERT INTO instructores (id, name, email) VALUES ('3fb0558e-13a8-4ce1-afbe-12623b352674', 'Pepe Frías Gras', 'bvarela@example.org');
INSERT INTO instructores (id, name, email) VALUES ('21561aaf-965c-4781-b39f-69a62f266c39', 'Fulgencio Acevedo', 'dnavas@example.org');
INSERT INTO instructores (id, name, email) VALUES ('540a2ba6-39b0-49a0-8263-b4eaac39f486', 'Paz Santamaria Pons', 'baenaalcides@example.com');
INSERT INTO instructores (id, name, email) VALUES ('62771027-d107-4e4f-a1a1-cfb272ca3a73', 'Paloma Fuentes Reguera', 'alcarazmaxima@example.com');

-- Insertando 101 Cursos
INSERT INTO cursos (id, title, is_published, instructor_id) VALUES ('3032d100-35be-4b91-b5e7-209326f9c953', 'Curso de Director de servicios de cuidados infantiles', True, '4c83af48-ffc9-4bcc-9de6-0591497b7aed');
INSERT INTO cursos (id, title, is_published, instructor_id) VALUES ('c53b72a7-a25a-4ef8-88d2-2585818855f7', 'Curso de Guardián de prisión', True, '88ad0211-3406-40d9-9689-fc5a31d0c97b');
INSERT INTO cursos (id, title, is_published, instructor_id) VALUES ('0f387549-0132-4fcd-8bcf-308f4104ab25', 'Curso de Profesional de nivel medio del derecho y servicios legales', False, '10d9486a-dc41-4fd3-8e8a-6a5b734474dd');
INSERT INTO cursos (id, title, is_published, instructor_id) VALUES ('2f57cbfa-8926-42bb-85bd-4166adddfdf1', 'Curso de Alfarero', False, '1c291a9b-24ff-46ea-8da8-1dcd868237d8');
INSERT INTO cursos (id, title, is_published, instructor_id) VALUES ('043d8eea-0996-47f7-aaf1-addce48b48fb', 'Curso de Diseñador de bases de datos', True, 'fda2f8e2-d88c-48d1-ad9c-55e27d91c4de');
INSERT INTO cursos (id, title, is_published, instructor_id) VALUES ('764de721-1309-4dc3-bfde-a226884692ef', 'Curso de Operador de máquinas de procesamiento de texto y mecanógrafos', True, '62182868-e474-46ed-8452-df83e2fa372b');
INSERT INTO cursos (id, title, is_published, instructor_id) VALUES ('52b8be29-a80c-4ce8-9566-65b1634c8b25', 'Curso de Soldador y oxicortador', True, '611281d5-3bd5-4090-a18f-aaa20e209df7');
INSERT INTO cursos (id, title, is_published, instructor_id) VALUES ('6c492bd7-b6ee-4357-bab1-dff4a4a9a5f5', 'Curso de Operador de instalaciones de procesamiento de minerales y rocas', True, 'a1b7f96b-877f-4c83-90b3-333bbdfd690e');
INSERT INTO cursos (id, title, is_published, instructor_id) VALUES ('ec5172e6-92b2-47e1-95fa-30de3625605e', 'Curso de Profesor de enseñanza secundaria', True, 'fa07d73d-8d9a-4d11-bff2-82d323c98ee0');
INSERT INTO cursos (id, title, is_published, instructor_id) VALUES ('22fedb19-39e3-42b6-8aa5-f20c58be82ba', 'Curso de Periodista', True, '61ea83d0-5d41-4e89-9acc-57056cded59f');
INSERT INTO cursos (id, title, is_published, instructor_id) VALUES ('fa7ced12-44d1-40d9-a475-0d372526723c', 'Curso de Herramentista', True, '0ba7ba01-4fb8-4117-b98e-441d77e3611b');
INSERT INTO cursos (id, title, is_published, instructor_id) VALUES ('e23e58ff-082c-46ad-9240-b8a3738f8f8a', 'Curso de Pulidor de metales y afilador de herramientas', True, 'd1429e89-ac14-4def-9b78-cdf31c96f9f3');
INSERT INTO cursos (id, title, is_published, instructor_id) VALUES ('870e8248-4e35-4de5-9ef4-b9e2ab631ec9', 'Curso de Conductor de vehículos accionados a pedal o a brazo', True, '06d0de8a-e7c1-4e2a-a9da-27ee3650926d');
INSERT INTO cursos (id, title, is_published, instructor_id) VALUES ('f500baf3-ed35-4883-ae73-dc3eccfd2d7f', 'Curso de Geólogo', False, 'b489fe25-6c94-4a84-98df-96944ebc9d96');
INSERT INTO cursos (id, title, is_published, instructor_id) VALUES ('2b50f835-6846-4f03-9e55-efe9cbf47002', 'Curso de Platero', False, '8cd763eb-356f-4505-a951-ea2397cbd6a8');
INSERT INTO cursos (id, title, is_published, instructor_id) VALUES ('649c1073-d784-44b9-91e5-b51d7e15c8c9', 'Curso de Organizador de conferencias y eventos', True, '6fe09d24-0147-468e-825f-55ddae97575d');
INSERT INTO cursos (id, title, is_published, instructor_id) VALUES ('25cf8cd9-c2f2-4502-9405-e5eb57cb5b81', 'Curso de Fontanero', False, '3ffaa0be-8c82-4859-9457-be810dc84863');
INSERT INTO cursos (id, title, is_published, instructor_id) VALUES ('b66820aa-9bd2-4d1f-b341-e4d8b667bff0', 'Curso de Trabajador social de nivel medio', False, '9b464f56-d903-4180-9f3a-b8d19386d072');
INSERT INTO cursos (id, title, is_published, instructor_id) VALUES ('c60477f4-66b8-47e8-992f-ae9f07683424', 'Curso de Empleado de servicios de transporte', True, '27037840-2761-4d51-ad68-8f7f80a2323b');
INSERT INTO cursos (id, title, is_published, instructor_id) VALUES ('e492422e-4da1-4183-9cf2-1f8de0ba683c', 'Curso de Chef', True, 'c0473e01-1b54-4764-8252-73b7960477e2');
INSERT INTO cursos (id, title, is_published, instructor_id) VALUES ('662b771d-8971-4118-9391-1419c06b583d', 'Curso de Supervisor en ingeniería de minas', True, '78de427b-1351-4134-aedd-bb83ad8b1432');
INSERT INTO cursos (id, title, is_published, instructor_id) VALUES ('2cf00d71-f76b-461f-93a9-64df77f6551c', 'Curso de Trabajador de cuidados personales en instituciones', True, 'a6029995-d862-4d8b-9d1d-51062c6a3007');
INSERT INTO cursos (id, title, is_published, instructor_id) VALUES ('5494d3c0-2f82-4701-8cba-b35c66781253', 'Curso de Desarrollador Web y multimedia', True, '3e866a8c-1033-4403-887f-62068b8eb14d');
INSERT INTO cursos (id, title, is_published, instructor_id) VALUES ('460b3bfd-919f-4a41-a74e-cab3b112ed5e', 'Curso de Profesional de nivel medio del derecho y servicios legales', True, 'b1166394-b0be-4956-9e0b-66829b632c0f');
INSERT INTO cursos (id, title, is_published, instructor_id) VALUES ('adfde608-94c6-4962-ab86-1a34dfa3248e', 'Curso de Matemático', True, 'd16eb51e-53eb-424a-a898-66b894078f4a');
INSERT INTO cursos (id, title, is_published, instructor_id) VALUES ('f8391c55-64f4-4293-9617-fe63f24bd7ed', 'Curso de Personas que realizan trabajos varios', True, 'acc90aa0-c374-466b-94f6-fcaad6cd9cc6');
INSERT INTO cursos (id, title, is_published, instructor_id) VALUES ('a3d2586d-fce1-469b-8971-b5bf8b917cda', 'Curso de Diseñador de bases de datos', True, '7fa9cf55-3e88-4010-b4fa-f19f805fe104');
INSERT INTO cursos (id, title, is_published, instructor_id) VALUES ('50234ca4-d85a-469c-a01c-c44bc7745390', 'Curso de Bibliotecarios', True, '19652c61-4ed9-4c67-8fbb-b7a10c37206d');
INSERT INTO cursos (id, title, is_published, instructor_id) VALUES ('b3640395-e81f-4cea-8f21-9577607fb59d', 'Curso de Ingeniero electricista', False, 'bee88877-ebf9-48b5-9359-39a1565a5291');
INSERT INTO cursos (id, title, is_published, instructor_id) VALUES ('be99d4f1-c5a6-4f53-8060-95045fb0e180', 'Curso de Técnico en ingeniería mecánica', True, 'dcdd6322-99fa-42d6-b7c3-45292650ea0b');
INSERT INTO cursos (id, title, is_published, instructor_id) VALUES ('576a3a89-9dbe-4c31-9b64-bf721d3d3cb6', 'Curso de Técnico de la Web', True, '9a4fdd36-a638-4b6f-9d37-3b47df5678d2');
INSERT INTO cursos (id, title, is_published, instructor_id) VALUES ('fe1322f4-c7b9-4acc-ac3a-390e6db32166', 'Curso de Director de publicidad y relaciones públicas', True, '2cda6515-c0bf-4817-8cc3-a66c65853d2b');
INSERT INTO cursos (id, title, is_published, instructor_id) VALUES ('b0651775-3c45-4eb6-b49c-69428418a2c0', 'Curso de Profesional de la protección medioambiental', False, 'ba6d4885-ba46-4d95-9995-f29459af10a6');
INSERT INTO cursos (id, title, is_published, instructor_id) VALUES ('c3d7cbad-e20f-4fc6-8258-54d83518aa62', 'Curso de Detective', False, '77462451-012c-4153-9384-1b0c25dc582f');
INSERT INTO cursos (id, title, is_published, instructor_id) VALUES ('b7be3670-089f-40f7-8c1a-a431e1c89c76', 'Curso de Telefonista', True, '2b1ec0f0-1b1f-4ae4-b183-9579e9b075a8');
INSERT INTO cursos (id, title, is_published, instructor_id) VALUES ('3d5e9fd4-19fe-4ab8-968d-a4e80d934134', 'Curso de Policías', False, 'c861a918-1bfd-45e0-b521-c085556c351c');
INSERT INTO cursos (id, title, is_published, instructor_id) VALUES ('5160f2fd-c73e-4474-abf1-a346d7e2b7f3', 'Curso de Meteorólogo', True, 'e3827223-b703-493c-a550-c248e25fe827');
INSERT INTO cursos (id, title, is_published, instructor_id) VALUES ('9a98de2e-10c9-47ec-9647-a2ac883ff373', 'Curso de Herramentista', False, 'ed50eb98-b4ec-4467-b1b6-bd1270458741');
INSERT INTO cursos (id, title, is_published, instructor_id) VALUES ('17b8da66-ac22-473d-b97a-c8b5bd1d1fc5', 'Curso de Constructor de casas', True, '5cdd82ce-da57-4ef1-b183-3468a8b294aa');
INSERT INTO cursos (id, title, is_published, instructor_id) VALUES ('9c8cd810-53cb-4d4d-b2c4-a7e7b1fda8c9', 'Curso de Audiólogo', True, 'd766e517-2ee6-49df-a2b4-22f6bc38e8d4');
INSERT INTO cursos (id, title, is_published, instructor_id) VALUES ('27e6ba39-03d0-4db0-88f9-735fbaf4be90', 'Curso de Actuario', False, '42d963a8-8f62-4da1-8dca-b232b5f73ec2');
INSERT INTO cursos (id, title, is_published, instructor_id) VALUES ('9bc0c54e-860e-4675-9052-26a207df4459', 'Curso de Empleado de servicios de transporte', True, '729ab217-2a9b-4efe-9885-7443ed467ad3');
INSERT INTO cursos (id, title, is_published, instructor_id) VALUES ('af2b18a6-ae3f-46cc-8d62-a08a53c2e326', 'Curso de Técnico en química industrial', True, '1b2fc97a-1b9d-4912-89d1-45edc535f1d6');
INSERT INTO cursos (id, title, is_published, instructor_id) VALUES ('949dc7b8-f12a-4a06-a18a-fb3de503f434', 'Curso de Cocinero', True, '529c017b-9998-42d1-b7ed-830ea482289d');
INSERT INTO cursos (id, title, is_published, instructor_id) VALUES ('6b1b93bd-86c5-4f33-9aac-01e2bd5b227e', 'Curso de Trabajador ambulante de servicios', True, '65485d2d-871e-49ba-a5e2-e205a3a91abc');
INSERT INTO cursos (id, title, is_published, instructor_id) VALUES ('f0b140de-f251-4d9d-8676-a7b165faeb2f', 'Curso de Técnico de laboratorio médico', False, '0ad431eb-4f93-44bd-8ee2-8fffe0756dbf');
INSERT INTO cursos (id, title, is_published, instructor_id) VALUES ('4508a255-3311-4cab-b97f-a7a4b886d177', 'Curso de Técnico en ingeniería mecánica', True, '55909d11-73af-47ec-acc7-f41d561305c8');
INSERT INTO cursos (id, title, is_published, instructor_id) VALUES ('d53bd237-5c02-4d73-88e5-18c6fc49443d', 'Curso de Profesional de nivel medio de enfermería', False, 'f94299d9-d892-44c0-9ac8-5a1a8f1f6b60');
INSERT INTO cursos (id, title, is_published, instructor_id) VALUES ('a4deaac5-92f4-4f94-9de6-12ed427dde29', 'Curso de Peón de jardinería y horticultura', False, '60243be2-9db6-4376-af6b-26c31d7dad21');
INSERT INTO cursos (id, title, is_published, instructor_id) VALUES ('7678436f-188b-499c-bfcc-5e52f0d35541', 'Curso de Labrante', True, 'e59a0ce9-1d1a-4e51-b5ac-e6ca1ed6732e');
INSERT INTO cursos (id, title, is_published, instructor_id) VALUES ('6d1e99cc-7dee-4c7d-9c93-e43b70750044', 'Curso de Operador de autoelevadoras', True, '97e764c4-e89f-4a24-b539-a91ed3ac9f66');
INSERT INTO cursos (id, title, is_published, instructor_id) VALUES ('c4bfdea6-1a21-4547-b1fc-44ee5defcde5', 'Curso de Jefe de pequeñas poblaciones', True, 'c6abf31f-fc1c-4ca0-9523-4ee30627eb5f');
INSERT INTO cursos (id, title, is_published, instructor_id) VALUES ('fac8469a-419e-476e-86ca-67722fa5feea', 'Curso de Mecánico-montador de instalaciones de refrigeración y climatización', True, '486994e2-b9e1-4961-a3d1-917ce588bc27');
INSERT INTO cursos (id, title, is_published, instructor_id) VALUES ('c1b2e1be-0e93-4488-b35f-a01a1a08dd14', 'Curso de Físico', True, '145b0268-41a4-47db-9cd5-7024189cec88');
INSERT INTO cursos (id, title, is_published, instructor_id) VALUES ('f6b587c8-2e17-4591-bc3c-1f61db137217', 'Curso de Operador de instalaciones mineras', True, '5a2c38e4-6ee7-4fa1-9e06-e06f03425848');
INSERT INTO cursos (id, title, is_published, instructor_id) VALUES ('6df7da40-814f-4f70-83fd-b1a89517bb88', 'Curso de Telefonista', True, 'bf6bf246-f43c-4da9-904c-733a1b2b30e7');
INSERT INTO cursos (id, title, is_published, instructor_id) VALUES ('a756b85e-ecf7-4e18-84a2-30b8be4322a6', 'Curso de Meteorólogo', True, '704dc7f6-4d89-408c-adba-045bf8d2fa20');
INSERT INTO cursos (id, title, is_published, instructor_id) VALUES ('ee9e8f20-8aaf-4305-b777-585a22275fd4', 'Curso de Profesor de idiomas', True, '6e8df3ba-4545-4bae-ae28-0dc7b9da6a44');
INSERT INTO cursos (id, title, is_published, instructor_id) VALUES ('f98c0a5d-1d20-404e-970e-8246f854840c', 'Curso de Peón de carga', False, '6d610833-4e07-4a86-b92c-2007a2738a72');
INSERT INTO cursos (id, title, is_published, instructor_id) VALUES ('e37c6851-14f0-44b0-b7eb-c299aa461101', 'Curso de Limpiador y asistente doméstico', True, '33af66bf-20cb-4836-8b66-3d2029f65c33');
INSERT INTO cursos (id, title, is_published, instructor_id) VALUES ('35abed18-41e5-49ac-b92d-c578aed4ec10', 'Curso de Supervisor de mantenimiento y limpieza en oficinas, hoteles y otros establecimientos', False, 'b5786931-66b0-4833-b7e1-20c2b552c814');
INSERT INTO cursos (id, title, is_published, instructor_id) VALUES ('8c437101-4f4d-47a8-a631-1b777024c2a7', 'Curso de Guardia de protección', False, '865f1276-7d2d-46b8-9887-bfc782a5b1d8');
INSERT INTO cursos (id, title, is_published, instructor_id) VALUES ('13fd34a2-20a6-4c6a-881c-25150bead747', 'Curso de Profesional de nivel medio de servicios estadísticos o matemáticos', True, '5e4c01c9-063d-4cad-9430-6ef2d38fc083');
INSERT INTO cursos (id, title, is_published, instructor_id) VALUES ('c6169101-95ee-48d5-8a42-79861213f77c', 'Curso de Gorjadore', True, '6f6519c7-37fc-4101-81ca-f650e4691976');
INSERT INTO cursos (id, title, is_published, instructor_id) VALUES ('30240e60-c6c9-40a8-b905-10a7161811af', 'Curso de Entrevistador de investigaciones de mercados', True, '574a9d75-9c76-4fad-9013-1a8d90857432');
INSERT INTO cursos (id, title, is_published, instructor_id) VALUES ('f93fed45-fc97-4579-a0ac-0f257d0c8586', 'Curso de Trabajador ambulante de servicios', True, 'd7f37e6b-a3b9-4fcb-a16e-1caa7470d7f2');
INSERT INTO cursos (id, title, is_published, instructor_id) VALUES ('c09dddde-315f-489f-be10-9908cf5d5975', 'Curso de Instructor en tecnologías de la información', True, '9a396345-41dd-404e-a550-a94910b711c7');
INSERT INTO cursos (id, title, is_published, instructor_id) VALUES ('62544e40-faca-4937-83f2-cc7f7525234d', 'Curso de Desarrollador Web y multimedia', True, 'a1884bc9-2a3f-408e-a968-95cdff9f4577');
INSERT INTO cursos (id, title, is_published, instructor_id) VALUES ('cb60758e-4e83-46c7-acd1-d24f4c6bcc15', 'Curso de Modelador de vidrio', True, 'c899161f-9a21-474d-9478-68269caf4881');
INSERT INTO cursos (id, title, is_published, instructor_id) VALUES ('c40af02c-de93-402e-af6c-a4bb1de16649', 'Curso de Cazador', False, 'a038677b-423d-4e0c-8e59-94916d758a5a');
INSERT INTO cursos (id, title, is_published, instructor_id) VALUES ('881e5a60-6e30-4e77-b3da-5f8d5bc609b9', 'Curso de Ingeniero electricista', True, '5f1e9b36-d9cc-4ee5-83b7-004d8eeb0c91');
INSERT INTO cursos (id, title, is_published, instructor_id) VALUES ('e6b4e463-5467-4458-bb1e-2bf54d43a70f', 'Curso de Especialista en políticas y servicios de personal', False, 'd75ac3fe-fb18-4a93-a3ee-c18db533bcf1');
INSERT INTO cursos (id, title, is_published, instructor_id) VALUES ('f49c8b0c-4ccd-4917-9043-62e30a944371', 'Curso de Técnico en electrónica', True, 'c63ee452-a5e2-4e56-a6f5-36e1d955e31d');
INSERT INTO cursos (id, title, is_published, instructor_id) VALUES ('a0bd9e5e-4837-46b7-9c01-fea7052aa94c', 'Curso de Diseñador multimedia', True, 'a0d0c14e-1db2-4b2e-a29c-e80f0f27ea25');
INSERT INTO cursos (id, title, is_published, instructor_id) VALUES ('c96f0c76-0a61-4ea7-b2d7-ea641334a82a', 'Curso de Operador de máquinas de embalaje, embotellamiento y etiquetado ', True, 'a79d6eef-2c49-4314-b44c-1cd3df6b96c1');
INSERT INTO cursos (id, title, is_published, instructor_id) VALUES ('bda84515-4572-4e5a-a05b-50550b9c4b25', 'Curso de Agente de compras', True, '615c2708-7224-430b-9cb0-2942fb6b72ba');
INSERT INTO cursos (id, title, is_published, instructor_id) VALUES ('e8f7090e-0ff4-418c-b213-10c6ef9e8d23', 'Curso de Operario del tratamiento de la madera', True, '8162ec08-4451-4bd7-b20e-b242213182b2');
INSERT INTO cursos (id, title, is_published, instructor_id) VALUES ('827b9d8f-5a64-4849-bbac-b708be85155a', 'Curso de Cristalero', True, '1ea52216-cfab-4a5c-b4e5-69984e3ad091');
INSERT INTO cursos (id, title, is_published, instructor_id) VALUES ('d2ff5bf7-5693-4238-b4c0-3af3f9a05db6', 'Curso de Impresor', False, '7f294eeb-ff5b-4d1a-903c-44a652133e05');
INSERT INTO cursos (id, title, is_published, instructor_id) VALUES ('15b9f45d-aa8c-45f4-b33e-9c31d36eba60', 'Curso de Recolector de leña', True, '8ee1e944-6f2d-4eab-aef2-12ee217f6eb9');
INSERT INTO cursos (id, title, is_published, instructor_id) VALUES ('3dbaf0a9-f73a-446b-9b7e-08a600dabbc3', 'Curso de Supervisor de industria manufacturera', True, 'bf512063-1043-4b1f-af25-2f57954ce085');
INSERT INTO cursos (id, title, is_published, instructor_id) VALUES ('562c3abd-1897-4723-ae39-327b98a19308', 'Curso de Mecánico-montador de instalaciones de refrigeración y climatización', True, '4dd957de-515e-487e-8a29-ce5f0295025a');
INSERT INTO cursos (id, title, is_published, instructor_id) VALUES ('9512f913-2597-4450-9fd7-c2c8f88551d7', 'Curso de Constructor de casas', True, 'a40df140-651d-42ff-83f6-3a53f957fb77');
INSERT INTO cursos (id, title, is_published, instructor_id) VALUES ('be4b4b31-e9a5-4435-a641-5e7b77751a4c', 'Curso de Conductor de tranvía', False, '11c14886-0736-4cae-9b06-b6b137522074');
INSERT INTO cursos (id, title, is_published, instructor_id) VALUES ('90c1f9cb-5f4c-4f7c-aa78-63ba39f299dd', 'Curso de Técnico en electrónica', False, '5f43fd81-c2e5-4228-9b04-6820b855dd25');
INSERT INTO cursos (id, title, is_published, instructor_id) VALUES ('db443fd1-f834-4295-b91a-b3c7da3a29ff', 'Curso de Oficial de préstamos y créditos', True, 'dbd19eff-9b4d-42c6-9ac1-34bde5bf769a');
INSERT INTO cursos (id, title, is_published, instructor_id) VALUES ('1fc57785-418a-4d72-a9b8-41e6f1065db9', 'Curso de Profesional de la protección medioambiental', True, '24390c79-4642-4ddd-b12f-7471d2993d15');
INSERT INTO cursos (id, title, is_published, instructor_id) VALUES ('d8ea64b3-10a5-4b2f-877e-b9bb195a3704', 'Curso de Bailarín', True, '7e8d946c-32f5-4e50-9634-e17db5a054a5');
INSERT INTO cursos (id, title, is_published, instructor_id) VALUES ('1acc425e-828b-451e-b01e-0484d4676d9a', 'Curso de Practicante y asistente médico', True, '82f81993-88c1-40ad-b23d-734afc05b713');
INSERT INTO cursos (id, title, is_published, instructor_id) VALUES ('b200ca06-aff3-446a-92dd-6ee3aca40689', 'Curso de Operador de máquinas pulidoras, galvanizadoras y recubridoras de metales ', False, '3e961c78-4646-4694-a86d-6d3ef4724a83');
INSERT INTO cursos (id, title, is_published, instructor_id) VALUES ('a44c43b6-c505-489c-bc2b-3a93c29d1093', 'Curso de Operador de instalaciones de procesamiento de minerales y rocas', True, '29ca2afa-f801-43a5-9a26-d2926bf714ab');
INSERT INTO cursos (id, title, is_published, instructor_id) VALUES ('5949cd64-f46c-49e5-8de0-f8cf759256c6', 'Curso de Buzo', False, '226b4ed0-879d-4089-bde1-fea5338ad493');
INSERT INTO cursos (id, title, is_published, instructor_id) VALUES ('d7aeadc8-3aa8-4d7c-9174-a24ae4a8dcbb', 'Curso de Técnico en redes y sistemas de computadores', True, '5c448082-9819-45cd-90f4-9a54c5272acf');
INSERT INTO cursos (id, title, is_published, instructor_id) VALUES ('e69bbc1b-a0cc-406d-a2b4-6c4ace13b55f', 'Curso de Operador de telar y otras máquinas tejedoras', True, 'b9fd6810-1dee-4454-bf83-8d26adb7062b');
INSERT INTO cursos (id, title, is_published, instructor_id) VALUES ('1759e82d-dfe8-4f4b-b1cd-32d32a4f2912', 'Curso de Recepcionista', True, '6cd286fc-939f-4a3e-9496-8dd6e9954ae9');
INSERT INTO cursos (id, title, is_published, instructor_id) VALUES ('ba6399a4-c1db-43ec-af48-e5ec04baff9b', 'Curso de Técnico agropecuario', True, 'a9d97a29-eb45-4f2e-b443-80c26719a704');
INSERT INTO cursos (id, title, is_published, instructor_id) VALUES ('92dded7c-934c-425e-88fd-3ef1b0431e39', 'Curso de Trabajador de cuidados personales a domicilio', True, '994ead16-9575-4f92-91f7-b3a87f8ba5a4');
INSERT INTO cursos (id, title, is_published, instructor_id) VALUES ('eb40025a-0769-477b-a470-81f48d468cf8', 'Curso de Administrador de bases de datos', True, '3fb0558e-13a8-4ce1-afbe-12623b352674');
INSERT INTO cursos (id, title, is_published, instructor_id) VALUES ('51d3eda8-c489-4b49-ab86-6e2855e46449', 'Curso de Agente de bolsa', False, '21561aaf-965c-4781-b39f-69a62f266c39');
INSERT INTO cursos (id, title, is_published, instructor_id) VALUES ('73a28316-a278-43f1-9a3b-0662ba52913f', 'Curso de Cajero de banco', True, '540a2ba6-39b0-49a0-8263-b4eaac39f486');
INSERT INTO cursos (id, title, is_published, instructor_id) VALUES ('4b61aea7-7428-42da-8069-1990167ff212', 'Curso de Costurero', True, '62771027-d107-4e4f-a1a1-cfb272ca3a73');

-- Insertando 101 Módulos
INSERT INTO modulos (id, title, course_id) VALUES ('a4e9d415-fedd-45a8-b29e-e47965240ed1', 'Módulo 1: Introducción', '3032d100-35be-4b91-b5e7-209326f9c953');
INSERT INTO modulos (id, title, course_id) VALUES ('2d185003-a9d3-480a-bdce-b69b14171b63', 'Módulo 2: Introducción', 'c53b72a7-a25a-4ef8-88d2-2585818855f7');
INSERT INTO modulos (id, title, course_id) VALUES ('18245392-71bf-48fa-8f12-bd4a965995ca', 'Módulo 3: Introducción', '0f387549-0132-4fcd-8bcf-308f4104ab25');
INSERT INTO modulos (id, title, course_id) VALUES ('35b5823c-6159-4c0e-8fc3-4ab391ea7973', 'Módulo 4: Introducción', '2f57cbfa-8926-42bb-85bd-4166adddfdf1');
INSERT INTO modulos (id, title, course_id) VALUES ('da0d2438-29f2-43b1-ba5e-dcd7de7ab086', 'Módulo 5: Introducción', '043d8eea-0996-47f7-aaf1-addce48b48fb');
INSERT INTO modulos (id, title, course_id) VALUES ('9db998b8-0a34-4c7e-81db-6d94bd5ad3b9', 'Módulo 6: Introducción', '764de721-1309-4dc3-bfde-a226884692ef');
INSERT INTO modulos (id, title, course_id) VALUES ('6e50bfd5-d80b-476b-a289-b07f8ce120a9', 'Módulo 7: Introducción', '52b8be29-a80c-4ce8-9566-65b1634c8b25');
INSERT INTO modulos (id, title, course_id) VALUES ('4a4a1069-1aad-4d16-9e2e-18ae46492e3f', 'Módulo 8: Introducción', '6c492bd7-b6ee-4357-bab1-dff4a4a9a5f5');
INSERT INTO modulos (id, title, course_id) VALUES ('9c505d9c-a7e5-4514-947b-ccdb80b9e517', 'Módulo 9: Introducción', 'ec5172e6-92b2-47e1-95fa-30de3625605e');
INSERT INTO modulos (id, title, course_id) VALUES ('803206e8-5af2-43ef-b272-d4f9e9fd1451', 'Módulo 10: Introducción', '22fedb19-39e3-42b6-8aa5-f20c58be82ba');
INSERT INTO modulos (id, title, course_id) VALUES ('5c9c16ce-6d3f-4783-a11e-48349f804447', 'Módulo 11: Introducción', 'fa7ced12-44d1-40d9-a475-0d372526723c');
INSERT INTO modulos (id, title, course_id) VALUES ('c3b4b3ad-c31e-4568-8dd1-ced8f2b5143f', 'Módulo 12: Introducción', 'e23e58ff-082c-46ad-9240-b8a3738f8f8a');
INSERT INTO modulos (id, title, course_id) VALUES ('1fc55693-7564-4d8d-a4ee-9120c3bcfa1b', 'Módulo 13: Introducción', '870e8248-4e35-4de5-9ef4-b9e2ab631ec9');
INSERT INTO modulos (id, title, course_id) VALUES ('c4d483fb-2e7c-41cb-bcc1-5d1c4bd0813f', 'Módulo 14: Introducción', 'f500baf3-ed35-4883-ae73-dc3eccfd2d7f');
INSERT INTO modulos (id, title, course_id) VALUES ('d0d5b41d-9b75-49b3-bdae-2fd7b4208c52', 'Módulo 15: Introducción', '2b50f835-6846-4f03-9e55-efe9cbf47002');
INSERT INTO modulos (id, title, course_id) VALUES ('4b56c70a-e2b8-4d37-93d2-673b4af81f21', 'Módulo 16: Introducción', '649c1073-d784-44b9-91e5-b51d7e15c8c9');
INSERT INTO modulos (id, title, course_id) VALUES ('48f17a75-4f01-4a78-a14d-b44c4fd77079', 'Módulo 17: Introducción', '25cf8cd9-c2f2-4502-9405-e5eb57cb5b81');
INSERT INTO modulos (id, title, course_id) VALUES ('f5d59a9e-8c12-4b80-8bb9-9e5b32a6e26c', 'Módulo 18: Introducción', 'b66820aa-9bd2-4d1f-b341-e4d8b667bff0');
INSERT INTO modulos (id, title, course_id) VALUES ('46d817b2-e6cb-4644-8619-50e35da039d1', 'Módulo 19: Introducción', 'c60477f4-66b8-47e8-992f-ae9f07683424');
INSERT INTO modulos (id, title, course_id) VALUES ('ad11dd99-75e2-4aa7-aad0-7a262b7cd98d', 'Módulo 20: Introducción', 'e492422e-4da1-4183-9cf2-1f8de0ba683c');
INSERT INTO modulos (id, title, course_id) VALUES ('2e3396c8-8d1e-4f1f-b175-ba2683979630', 'Módulo 21: Introducción', '662b771d-8971-4118-9391-1419c06b583d');
INSERT INTO modulos (id, title, course_id) VALUES ('ead6468b-2e04-494f-b4f3-5650699cb609', 'Módulo 22: Introducción', '2cf00d71-f76b-461f-93a9-64df77f6551c');
INSERT INTO modulos (id, title, course_id) VALUES ('a89b9a03-7d16-48c7-aef6-49e7b34d00f2', 'Módulo 23: Introducción', '5494d3c0-2f82-4701-8cba-b35c66781253');
INSERT INTO modulos (id, title, course_id) VALUES ('16036427-66d2-4379-b09a-5742c170154f', 'Módulo 24: Introducción', '460b3bfd-919f-4a41-a74e-cab3b112ed5e');
INSERT INTO modulos (id, title, course_id) VALUES ('d577f35a-932b-434e-8091-8dfb4c51f31f', 'Módulo 25: Introducción', 'adfde608-94c6-4962-ab86-1a34dfa3248e');
INSERT INTO modulos (id, title, course_id) VALUES ('e0013092-7e22-4f60-ba95-05eefcfd6512', 'Módulo 26: Introducción', 'f8391c55-64f4-4293-9617-fe63f24bd7ed');
INSERT INTO modulos (id, title, course_id) VALUES ('e5f0d3b0-d516-4b82-b07e-63ccc4b66257', 'Módulo 27: Introducción', 'a3d2586d-fce1-469b-8971-b5bf8b917cda');
INSERT INTO modulos (id, title, course_id) VALUES ('1a2421fa-5c80-4f90-9fd5-6e36db898091', 'Módulo 28: Introducción', '50234ca4-d85a-469c-a01c-c44bc7745390');
INSERT INTO modulos (id, title, course_id) VALUES ('dfcdbe89-d02a-4454-beef-6a037a4d08ce', 'Módulo 29: Introducción', 'b3640395-e81f-4cea-8f21-9577607fb59d');
INSERT INTO modulos (id, title, course_id) VALUES ('bb13a948-cc37-4923-bffa-6e705cfcc2b6', 'Módulo 30: Introducción', 'be99d4f1-c5a6-4f53-8060-95045fb0e180');
INSERT INTO modulos (id, title, course_id) VALUES ('5b7312dd-27f5-4fe0-a957-3002b05435fa', 'Módulo 31: Introducción', '576a3a89-9dbe-4c31-9b64-bf721d3d3cb6');
INSERT INTO modulos (id, title, course_id) VALUES ('93285842-5e2c-4311-95b9-96e12c7ed815', 'Módulo 32: Introducción', 'fe1322f4-c7b9-4acc-ac3a-390e6db32166');
INSERT INTO modulos (id, title, course_id) VALUES ('50fe5dd2-6519-4d0b-a0e5-7cad8d4e8cb5', 'Módulo 33: Introducción', 'b0651775-3c45-4eb6-b49c-69428418a2c0');
INSERT INTO modulos (id, title, course_id) VALUES ('095bd28e-dedd-4194-861e-e3324dc5beea', 'Módulo 34: Introducción', 'c3d7cbad-e20f-4fc6-8258-54d83518aa62');
INSERT INTO modulos (id, title, course_id) VALUES ('457f78ca-c590-488c-9377-5631434ad500', 'Módulo 35: Introducción', 'b7be3670-089f-40f7-8c1a-a431e1c89c76');
INSERT INTO modulos (id, title, course_id) VALUES ('87d54bf3-a7e4-4ca2-97db-697d43beefa1', 'Módulo 36: Introducción', '3d5e9fd4-19fe-4ab8-968d-a4e80d934134');
INSERT INTO modulos (id, title, course_id) VALUES ('037bf5d1-993d-4e34-a6b9-42e5e6732ac0', 'Módulo 37: Introducción', '5160f2fd-c73e-4474-abf1-a346d7e2b7f3');
INSERT INTO modulos (id, title, course_id) VALUES ('a1986cfb-7524-4cf9-b096-f7876d1deec6', 'Módulo 38: Introducción', '9a98de2e-10c9-47ec-9647-a2ac883ff373');
INSERT INTO modulos (id, title, course_id) VALUES ('2e6413d0-72d4-46ac-a368-d5a5e39b5ec9', 'Módulo 39: Introducción', '17b8da66-ac22-473d-b97a-c8b5bd1d1fc5');
INSERT INTO modulos (id, title, course_id) VALUES ('8f2f3ab8-ca1c-4558-9b17-df7ec222d8d5', 'Módulo 40: Introducción', '9c8cd810-53cb-4d4d-b2c4-a7e7b1fda8c9');
INSERT INTO modulos (id, title, course_id) VALUES ('acc8076a-6080-4a3c-a2fa-9de9ace9a505', 'Módulo 41: Introducción', '27e6ba39-03d0-4db0-88f9-735fbaf4be90');
INSERT INTO modulos (id, title, course_id) VALUES ('4c2a90b2-8b3f-4b04-8656-9e308b372f7f', 'Módulo 42: Introducción', '9bc0c54e-860e-4675-9052-26a207df4459');
INSERT INTO modulos (id, title, course_id) VALUES ('f509bc20-7de5-46ec-b68e-3988f72fcd06', 'Módulo 43: Introducción', 'af2b18a6-ae3f-46cc-8d62-a08a53c2e326');
INSERT INTO modulos (id, title, course_id) VALUES ('ece5cff6-4ce1-418a-9ea9-e356634e2675', 'Módulo 44: Introducción', '949dc7b8-f12a-4a06-a18a-fb3de503f434');
INSERT INTO modulos (id, title, course_id) VALUES ('685263dc-12f0-4d37-995b-004051087304', 'Módulo 45: Introducción', '6b1b93bd-86c5-4f33-9aac-01e2bd5b227e');
INSERT INTO modulos (id, title, course_id) VALUES ('26f2bef9-f0cb-4534-a279-e003419604bd', 'Módulo 46: Introducción', 'f0b140de-f251-4d9d-8676-a7b165faeb2f');
INSERT INTO modulos (id, title, course_id) VALUES ('ab9c5e4b-5c7a-4961-93a7-eff2672dbc05', 'Módulo 47: Introducción', '4508a255-3311-4cab-b97f-a7a4b886d177');
INSERT INTO modulos (id, title, course_id) VALUES ('969e20a8-1cf1-4d85-976e-21f8a41c5a6c', 'Módulo 48: Introducción', 'd53bd237-5c02-4d73-88e5-18c6fc49443d');
INSERT INTO modulos (id, title, course_id) VALUES ('54e2292c-48bf-485e-99c3-8f6c4cc1f767', 'Módulo 49: Introducción', 'a4deaac5-92f4-4f94-9de6-12ed427dde29');
INSERT INTO modulos (id, title, course_id) VALUES ('a0371abf-a4df-422b-9136-4759ba02f586', 'Módulo 50: Introducción', '7678436f-188b-499c-bfcc-5e52f0d35541');
INSERT INTO modulos (id, title, course_id) VALUES ('ae018b34-cf80-49fc-b554-29a9f50a32af', 'Módulo 51: Introducción', '6d1e99cc-7dee-4c7d-9c93-e43b70750044');
INSERT INTO modulos (id, title, course_id) VALUES ('55709c39-c604-4c5e-b95a-b4e2a2bf734c', 'Módulo 52: Introducción', 'c4bfdea6-1a21-4547-b1fc-44ee5defcde5');
INSERT INTO modulos (id, title, course_id) VALUES ('f17687a9-2b3d-4fe2-9bb7-bb308c0e64e1', 'Módulo 53: Introducción', 'fac8469a-419e-476e-86ca-67722fa5feea');
INSERT INTO modulos (id, title, course_id) VALUES ('f5427ed5-752c-476f-8385-4943670f6076', 'Módulo 54: Introducción', 'c1b2e1be-0e93-4488-b35f-a01a1a08dd14');
INSERT INTO modulos (id, title, course_id) VALUES ('44ad137b-3c9e-4783-bec7-d2ba3727cc9d', 'Módulo 55: Introducción', 'f6b587c8-2e17-4591-bc3c-1f61db137217');
INSERT INTO modulos (id, title, course_id) VALUES ('193e5c75-c533-4047-aaf3-652c10c822b8', 'Módulo 56: Introducción', '6df7da40-814f-4f70-83fd-b1a89517bb88');
INSERT INTO modulos (id, title, course_id) VALUES ('0d39fa12-0a71-4ed0-8eca-0287a29e5cec', 'Módulo 57: Introducción', 'a756b85e-ecf7-4e18-84a2-30b8be4322a6');
INSERT INTO modulos (id, title, course_id) VALUES ('f5090bfa-4d59-4bb8-87ea-f37c5e735cd7', 'Módulo 58: Introducción', 'ee9e8f20-8aaf-4305-b777-585a22275fd4');
INSERT INTO modulos (id, title, course_id) VALUES ('5954c8f6-01ac-42fe-836e-5608856ea953', 'Módulo 59: Introducción', 'f98c0a5d-1d20-404e-970e-8246f854840c');
INSERT INTO modulos (id, title, course_id) VALUES ('88564611-b1d7-4923-aed3-44afc5244abd', 'Módulo 60: Introducción', 'e37c6851-14f0-44b0-b7eb-c299aa461101');
INSERT INTO modulos (id, title, course_id) VALUES ('e8017e56-4367-4681-bde6-323b6f483c86', 'Módulo 61: Introducción', '35abed18-41e5-49ac-b92d-c578aed4ec10');
INSERT INTO modulos (id, title, course_id) VALUES ('1e80f12e-4c96-4efb-902e-509d2d6877ef', 'Módulo 62: Introducción', '8c437101-4f4d-47a8-a631-1b777024c2a7');
INSERT INTO modulos (id, title, course_id) VALUES ('1f59e70f-e680-4e4b-8ad6-24a71b83b21b', 'Módulo 63: Introducción', '13fd34a2-20a6-4c6a-881c-25150bead747');
INSERT INTO modulos (id, title, course_id) VALUES ('4600f3b7-c383-4227-b425-96680454cb52', 'Módulo 64: Introducción', 'c6169101-95ee-48d5-8a42-79861213f77c');
INSERT INTO modulos (id, title, course_id) VALUES ('16b2b9db-ecd3-42d4-b05b-218ddb52c68e', 'Módulo 65: Introducción', '30240e60-c6c9-40a8-b905-10a7161811af');
INSERT INTO modulos (id, title, course_id) VALUES ('5e40366f-cec0-4471-96ec-b74ab4d199d1', 'Módulo 66: Introducción', 'f93fed45-fc97-4579-a0ac-0f257d0c8586');
INSERT INTO modulos (id, title, course_id) VALUES ('ae692822-b6e1-42ac-b7e3-69e72161ab46', 'Módulo 67: Introducción', 'c09dddde-315f-489f-be10-9908cf5d5975');
INSERT INTO modulos (id, title, course_id) VALUES ('0d02a570-f0a0-4644-a9f5-b33dd1a5d4f3', 'Módulo 68: Introducción', '62544e40-faca-4937-83f2-cc7f7525234d');
INSERT INTO modulos (id, title, course_id) VALUES ('81e2c443-9814-4cdf-8a8c-3358bc189549', 'Módulo 69: Introducción', 'cb60758e-4e83-46c7-acd1-d24f4c6bcc15');
INSERT INTO modulos (id, title, course_id) VALUES ('c9d9a4b6-819b-4695-a1ef-c852c8c22c88', 'Módulo 70: Introducción', 'c40af02c-de93-402e-af6c-a4bb1de16649');
INSERT INTO modulos (id, title, course_id) VALUES ('7748aeb3-64fe-41df-9045-7b0aa030defe', 'Módulo 71: Introducción', '881e5a60-6e30-4e77-b3da-5f8d5bc609b9');
INSERT INTO modulos (id, title, course_id) VALUES ('9d1cef99-fe9a-476d-9566-89566b4ebd3a', 'Módulo 72: Introducción', 'e6b4e463-5467-4458-bb1e-2bf54d43a70f');
INSERT INTO modulos (id, title, course_id) VALUES ('0d2d6688-79d5-4329-801b-40a82ea61a89', 'Módulo 73: Introducción', 'f49c8b0c-4ccd-4917-9043-62e30a944371');
INSERT INTO modulos (id, title, course_id) VALUES ('8e7727b3-f689-48c0-9b7b-b5b4b0ff550e', 'Módulo 74: Introducción', 'a0bd9e5e-4837-46b7-9c01-fea7052aa94c');
INSERT INTO modulos (id, title, course_id) VALUES ('5268ab60-6fc8-41c6-885a-b23018e0bff7', 'Módulo 75: Introducción', 'c96f0c76-0a61-4ea7-b2d7-ea641334a82a');
INSERT INTO modulos (id, title, course_id) VALUES ('c6999c2e-4b78-4312-8ccb-42fcb45fe50a', 'Módulo 76: Introducción', 'bda84515-4572-4e5a-a05b-50550b9c4b25');
INSERT INTO modulos (id, title, course_id) VALUES ('ee25e445-1f94-47ab-8dcb-a2f5e17f88aa', 'Módulo 77: Introducción', 'e8f7090e-0ff4-418c-b213-10c6ef9e8d23');
INSERT INTO modulos (id, title, course_id) VALUES ('f661ff69-70b7-487c-b5e2-98df974a72f5', 'Módulo 78: Introducción', '827b9d8f-5a64-4849-bbac-b708be85155a');
INSERT INTO modulos (id, title, course_id) VALUES ('0dd23303-731b-4667-9636-763b9930b991', 'Módulo 79: Introducción', 'd2ff5bf7-5693-4238-b4c0-3af3f9a05db6');
INSERT INTO modulos (id, title, course_id) VALUES ('b2263493-4592-4f6f-9e02-c57c245c6e4e', 'Módulo 80: Introducción', '15b9f45d-aa8c-45f4-b33e-9c31d36eba60');
INSERT INTO modulos (id, title, course_id) VALUES ('becfc861-5ed2-472c-baeb-de7052bdfabd', 'Módulo 81: Introducción', '3dbaf0a9-f73a-446b-9b7e-08a600dabbc3');
INSERT INTO modulos (id, title, course_id) VALUES ('4cc310a3-1985-45dc-9989-cc3f08c9fad7', 'Módulo 82: Introducción', '562c3abd-1897-4723-ae39-327b98a19308');
INSERT INTO modulos (id, title, course_id) VALUES ('d40abaa1-009d-43b3-87c8-e92b7ca6de28', 'Módulo 83: Introducción', '9512f913-2597-4450-9fd7-c2c8f88551d7');
INSERT INTO modulos (id, title, course_id) VALUES ('18439c05-e586-45df-9e4a-933a24196284', 'Módulo 84: Introducción', 'be4b4b31-e9a5-4435-a641-5e7b77751a4c');
INSERT INTO modulos (id, title, course_id) VALUES ('986db041-642a-4ff2-aa55-2ece1c85b10c', 'Módulo 85: Introducción', '90c1f9cb-5f4c-4f7c-aa78-63ba39f299dd');
INSERT INTO modulos (id, title, course_id) VALUES ('e5a08239-e154-4580-8921-daa7d3893844', 'Módulo 86: Introducción', 'db443fd1-f834-4295-b91a-b3c7da3a29ff');
INSERT INTO modulos (id, title, course_id) VALUES ('7d83d145-ec52-49a4-baac-ac85978ea9a3', 'Módulo 87: Introducción', '1fc57785-418a-4d72-a9b8-41e6f1065db9');
INSERT INTO modulos (id, title, course_id) VALUES ('bf1df41a-2470-4560-8773-260e91b44ebf', 'Módulo 88: Introducción', 'd8ea64b3-10a5-4b2f-877e-b9bb195a3704');
INSERT INTO modulos (id, title, course_id) VALUES ('d5a08a0b-ad62-4d73-a9e0-cdf833428909', 'Módulo 89: Introducción', '1acc425e-828b-451e-b01e-0484d4676d9a');
INSERT INTO modulos (id, title, course_id) VALUES ('0d2d25f8-cc82-4c73-8a91-093d78324506', 'Módulo 90: Introducción', 'b200ca06-aff3-446a-92dd-6ee3aca40689');
INSERT INTO modulos (id, title, course_id) VALUES ('bdd1cd46-7627-4ab1-b8e9-86c62b00a634', 'Módulo 91: Introducción', 'a44c43b6-c505-489c-bc2b-3a93c29d1093');
INSERT INTO modulos (id, title, course_id) VALUES ('3ebcb8bd-9325-4873-83f7-c24f5383634a', 'Módulo 92: Introducción', '5949cd64-f46c-49e5-8de0-f8cf759256c6');
INSERT INTO modulos (id, title, course_id) VALUES ('20c3b3bc-9806-4832-94cf-660d4e1b6bbb', 'Módulo 93: Introducción', 'd7aeadc8-3aa8-4d7c-9174-a24ae4a8dcbb');
INSERT INTO modulos (id, title, course_id) VALUES ('9d764412-9680-4f2a-ab89-34410389960f', 'Módulo 94: Introducción', 'e69bbc1b-a0cc-406d-a2b4-6c4ace13b55f');
INSERT INTO modulos (id, title, course_id) VALUES ('b9d9d9ea-5c9f-486e-84f0-a36dea56d26a', 'Módulo 95: Introducción', '1759e82d-dfe8-4f4b-b1cd-32d32a4f2912');
INSERT INTO modulos (id, title, course_id) VALUES ('19e99b59-4cc8-4bed-b0ab-ee5501115707', 'Módulo 96: Introducción', 'ba6399a4-c1db-43ec-af48-e5ec04baff9b');
INSERT INTO modulos (id, title, course_id) VALUES ('4a11b090-5d22-46c6-bfff-66d037b5748e', 'Módulo 97: Introducción', '92dded7c-934c-425e-88fd-3ef1b0431e39');
INSERT INTO modulos (id, title, course_id) VALUES ('c465200c-ba31-49f1-84f0-4dd3e28724a1', 'Módulo 98: Introducción', 'eb40025a-0769-477b-a470-81f48d468cf8');
INSERT INTO modulos (id, title, course_id) VALUES ('98555821-82e0-4826-8427-8adb28faf519', 'Módulo 99: Introducción', '51d3eda8-c489-4b49-ab86-6e2855e46449');
INSERT INTO modulos (id, title, course_id) VALUES ('bb93a8b7-f038-4f01-8a57-07d0da26a689', 'Módulo 100: Introducción', '73a28316-a278-43f1-9a3b-0662ba52913f');
INSERT INTO modulos (id, title, course_id) VALUES ('aaf33f9e-8c50-47fd-81ff-ab80e7ccab5c', 'Módulo 101: Introducción', '4b61aea7-7428-42da-8069-1990167ff212');

-- Insertando 101 Lecciones
INSERT INTO lecciones (id, title, video_url, module_id) VALUES ('fed49c84-5866-4c42-a235-5c454df79eb7', 'Lección 1: Primeros pasos', 'https://www.tecnologias.com/', 'a4e9d415-fedd-45a8-b29e-e47965240ed1');
INSERT INTO lecciones (id, title, video_url, module_id) VALUES ('bdf7349b-3634-4975-b454-e2908edb6882', 'Lección 2: Primeros pasos', 'https://lloret.com/', '2d185003-a9d3-480a-bdce-b69b14171b63');
INSERT INTO lecciones (id, title, video_url, module_id) VALUES ('1c5a05ec-76a6-4b8e-b1f9-5ef865f13038', 'Lección 3: Primeros pasos', 'https://www.cecilia.com/', '18245392-71bf-48fa-8f12-bd4a965995ca');
INSERT INTO lecciones (id, title, video_url, module_id) VALUES ('2b076578-746f-45f2-8f75-347a9867ec38', 'Lección 4: Primeros pasos', 'http://www.apolonia.net/', '35b5823c-6159-4c0e-8fc3-4ab391ea7973');
INSERT INTO lecciones (id, title, video_url, module_id) VALUES ('a8113d79-b918-4cae-ac65-6727992209f1', 'Lección 5: Primeros pasos', 'http://amador.com/', 'da0d2438-29f2-43b1-ba5e-dcd7de7ab086');
INSERT INTO lecciones (id, title, video_url, module_id) VALUES ('192af2f8-d861-46d2-bcad-2990428056b2', 'Lección 6: Primeros pasos', 'https://barba.net/', '9db998b8-0a34-4c7e-81db-6d94bd5ad3b9');
INSERT INTO lecciones (id, title, video_url, module_id) VALUES ('1c441079-a72e-4611-8b2b-cc6e06d0af71', 'Lección 7: Primeros pasos', 'https://banco.es/', '6e50bfd5-d80b-476b-a289-b07f8ce120a9');
INSERT INTO lecciones (id, title, video_url, module_id) VALUES ('21a75be3-bd37-4fd2-9054-362e31a126a7', 'Lección 8: Primeros pasos', 'http://soluciones.org/', '4a4a1069-1aad-4d16-9e2e-18ae46492e3f');
INSERT INTO lecciones (id, title, video_url, module_id) VALUES ('f05016ea-78fb-4b0d-a1cd-16b33d323e11', 'Lección 9: Primeros pasos', 'http://promociones.org/', '9c505d9c-a7e5-4514-947b-ccdb80b9e517');
INSERT INTO lecciones (id, title, video_url, module_id) VALUES ('294ee78d-63c6-42c1-b942-177f10415543', 'Lección 10: Primeros pasos', 'http://transportes.es/', '803206e8-5af2-43ef-b272-d4f9e9fd1451');
INSERT INTO lecciones (id, title, video_url, module_id) VALUES ('416acd9f-7621-413b-bc34-cf46f08cc490', 'Lección 11: Primeros pasos', 'http://logistica.es/', '5c9c16ce-6d3f-4783-a11e-48349f804447');
INSERT INTO lecciones (id, title, video_url, module_id) VALUES ('6cd828ce-1288-456e-8c96-b10114a21b1b', 'Lección 12: Primeros pasos', 'http://www.suministros.es/', 'c3b4b3ad-c31e-4568-8dd1-ced8f2b5143f');
INSERT INTO lecciones (id, title, video_url, module_id) VALUES ('e6187c57-e40f-4880-9367-ffe4d3987b1f', 'Lección 13: Primeros pasos', 'http://www.servicios.com/', '1fc55693-7564-4d8d-a4ee-9120c3bcfa1b');
INSERT INTO lecciones (id, title, video_url, module_id) VALUES ('08537fb8-d69f-49b4-a2aa-3cf3b874e984', 'Lección 14: Primeros pasos', 'http://www.comercializadora.org/', 'c4d483fb-2e7c-41cb-bcc1-5d1c4bd0813f');
INSERT INTO lecciones (id, title, video_url, module_id) VALUES ('188f3399-5225-452f-8a56-b6e7b0d0827f', 'Lección 15: Primeros pasos', 'http://www.instalaciones.es/', 'd0d5b41d-9b75-49b3-bdae-2fd7b4208c52');
INSERT INTO lecciones (id, title, video_url, module_id) VALUES ('c6b966ab-41dd-40c1-8b9e-6f76471903cb', 'Lección 16: Primeros pasos', 'https://www.isabel.net/', '4b56c70a-e2b8-4d37-93d2-673b4af81f21');
INSERT INTO lecciones (id, title, video_url, module_id) VALUES ('99e9225b-abe4-4c4c-9b2c-230f48b6ecf3', 'Lección 17: Primeros pasos', 'https://fabrica.net/', '48f17a75-4f01-4a78-a14d-b44c4fd77079');
INSERT INTO lecciones (id, title, video_url, module_id) VALUES ('800be5c1-2520-4346-afbc-ea2cc522f0ec', 'Lección 18: Primeros pasos', 'http://distribuciones.es/', 'f5d59a9e-8c12-4b80-8bb9-9e5b32a6e26c');
INSERT INTO lecciones (id, title, video_url, module_id) VALUES ('234dcb32-c21c-45b8-9497-a24f1502280a', 'Lección 19: Primeros pasos', 'http://www.vito.com/', '46d817b2-e6cb-4644-8619-50e35da039d1');
INSERT INTO lecciones (id, title, video_url, module_id) VALUES ('851a4453-f2c9-4e2c-90d2-a292cb073376', 'Lección 20: Primeros pasos', 'https://www.barrio.net/', 'ad11dd99-75e2-4aa7-aad0-7a262b7cd98d');
INSERT INTO lecciones (id, title, video_url, module_id) VALUES ('d4614617-2153-4095-b272-6fe635cf1c6f', 'Lección 21: Primeros pasos', 'https://www.hermanos.com/', '2e3396c8-8d1e-4f1f-b175-ba2683979630');
INSERT INTO lecciones (id, title, video_url, module_id) VALUES ('4d153d71-4b77-4176-9be3-9a88959e17a8', 'Lección 22: Primeros pasos', 'https://pazos.es/', 'ead6468b-2e04-494f-b4f3-5650699cb609');
INSERT INTO lecciones (id, title, video_url, module_id) VALUES ('2f3b56c1-de2b-40db-ac3d-993e6946c052', 'Lección 23: Primeros pasos', 'https://www.infraestructuras.es/', 'a89b9a03-7d16-48c7-aef6-49e7b34d00f2');
INSERT INTO lecciones (id, title, video_url, module_id) VALUES ('53718643-9efb-4e79-a0ad-8e98e04276f6', 'Lección 24: Primeros pasos', 'http://www.hnos.com/', '16036427-66d2-4379-b09a-5742c170154f');
INSERT INTO lecciones (id, title, video_url, module_id) VALUES ('039fe295-acd4-424d-9e8d-e543bf667b22', 'Lección 25: Primeros pasos', 'http://www.inmobiliaria.org/', 'd577f35a-932b-434e-8091-8dfb4c51f31f');
INSERT INTO lecciones (id, title, video_url, module_id) VALUES ('4e02a408-d139-4f82-9112-6314f2147474', 'Lección 26: Primeros pasos', 'http://www.sainz.es/', 'e0013092-7e22-4f60-ba95-05eefcfd6512');
INSERT INTO lecciones (id, title, video_url, module_id) VALUES ('1220ae2f-b0ce-495a-bbdf-96de89274a76', 'Lección 27: Primeros pasos', 'http://farmaceutica.es/', 'e5f0d3b0-d516-4b82-b07e-63ccc4b66257');
INSERT INTO lecciones (id, title, video_url, module_id) VALUES ('766ada54-5eef-427f-9678-0816672a1002', 'Lección 28: Primeros pasos', 'https://www.inocencio.com/', '1a2421fa-5c80-4f90-9fd5-6e36db898091');
INSERT INTO lecciones (id, title, video_url, module_id) VALUES ('56d97b1a-d6d5-4cd3-b652-9e305be6f6f8', 'Lección 29: Primeros pasos', 'https://www.guiomar.com/', 'dfcdbe89-d02a-4454-beef-6a037a4d08ce');
INSERT INTO lecciones (id, title, video_url, module_id) VALUES ('2a6d03e4-6318-4982-9d7c-bcec012512e0', 'Lección 30: Primeros pasos', 'http://www.alberto.com/', 'bb13a948-cc37-4923-bffa-6e705cfcc2b6');
INSERT INTO lecciones (id, title, video_url, module_id) VALUES ('0549b5cb-3001-44c9-b7be-a5ebeeaae2f9', 'Lección 31: Primeros pasos', 'https://www.roura.net/', '5b7312dd-27f5-4fe0-a957-3002b05435fa');
INSERT INTO lecciones (id, title, video_url, module_id) VALUES ('ba5644af-669b-43f4-95e0-1ddd23205edb', 'Lección 32: Primeros pasos', 'https://www.supermercados.es/', '93285842-5e2c-4311-95b9-96e12c7ed815');
INSERT INTO lecciones (id, title, video_url, module_id) VALUES ('b0b1e5c2-8297-484b-a761-3c324e28bb7c', 'Lección 33: Primeros pasos', 'http://comercial.net/', '50fe5dd2-6519-4d0b-a0e5-7cad8d4e8cb5');
INSERT INTO lecciones (id, title, video_url, module_id) VALUES ('b07ca90b-8876-44bb-b064-7dc6bd7d4334', 'Lección 34: Primeros pasos', 'http://renato.com/', '095bd28e-dedd-4194-861e-e3324dc5beea');
INSERT INTO lecciones (id, title, video_url, module_id) VALUES ('6a979a33-263e-4d4f-bd5c-c87142fad46d', 'Lección 35: Primeros pasos', 'http://alimentacion.com/', '457f78ca-c590-488c-9377-5631434ad500');
INSERT INTO lecciones (id, title, video_url, module_id) VALUES ('70618e9f-5e08-40e9-b42c-a0804fd11912', 'Lección 36: Primeros pasos', 'https://isabela.com/', '87d54bf3-a7e4-4ca2-97db-697d43beefa1');
INSERT INTO lecciones (id, title, video_url, module_id) VALUES ('3ecd3075-6b83-4c51-85a4-cdb072f91fe3', 'Lección 37: Primeros pasos', 'http://www.saura.com/', '037bf5d1-993d-4e34-a6b9-42e5e6732ac0');
INSERT INTO lecciones (id, title, video_url, module_id) VALUES ('ad1e4e6c-c78a-4595-b883-ba1241267f40', 'Lección 38: Primeros pasos', 'https://www.hotel.es/', 'a1986cfb-7524-4cf9-b096-f7876d1deec6');
INSERT INTO lecciones (id, title, video_url, module_id) VALUES ('6c83cbec-160d-46fc-a018-a1ae32e323f1', 'Lección 39: Primeros pasos', 'https://construccion.es/', '2e6413d0-72d4-46ac-a368-d5a5e39b5ec9');
INSERT INTO lecciones (id, title, video_url, module_id) VALUES ('09c444fb-d926-40ba-a31f-8e8ca8976763', 'Lección 40: Primeros pasos', 'https://www.polo.es/', '8f2f3ab8-ca1c-4558-9b17-df7ec222d8d5');
INSERT INTO lecciones (id, title, video_url, module_id) VALUES ('9d59213e-6eb5-47ed-b3ae-584ce5097fca', 'Lección 41: Primeros pasos', 'http://comercializadora.com/', 'acc8076a-6080-4a3c-a2fa-9de9ace9a505');
INSERT INTO lecciones (id, title, video_url, module_id) VALUES ('7f0f85d5-0b05-41a9-aeeb-345200a62007', 'Lección 42: Primeros pasos', 'http://mendoza.net/', '4c2a90b2-8b3f-4b04-8656-9e308b372f7f');
INSERT INTO lecciones (id, title, video_url, module_id) VALUES ('b0d92ab6-774b-4504-aa1b-2ccb41ef2542', 'Lección 43: Primeros pasos', 'https://hnos.org/', 'f509bc20-7de5-46ec-b68e-3988f72fcd06');
INSERT INTO lecciones (id, title, video_url, module_id) VALUES ('68005841-1bff-4309-830d-deef2b5fede5', 'Lección 44: Primeros pasos', 'http://www.instalaciones.com/', 'ece5cff6-4ce1-418a-9ea9-e356634e2675');
INSERT INTO lecciones (id, title, video_url, module_id) VALUES ('ee1712f9-4e18-42f4-b6e5-ed6f00c6ef69', 'Lección 45: Primeros pasos', 'http://infraestructuras.es/', '685263dc-12f0-4d37-995b-004051087304');
INSERT INTO lecciones (id, title, video_url, module_id) VALUES ('0a11c4dc-b22d-4a77-889c-7288814ed22d', 'Lección 46: Primeros pasos', 'http://despacho.org/', '26f2bef9-f0cb-4534-a279-e003419604bd');
INSERT INTO lecciones (id, title, video_url, module_id) VALUES ('3ffc3e23-f1b2-43fb-aeb7-fe8173930ccd', 'Lección 47: Primeros pasos', 'http://www.supermercados.es/', 'ab9c5e4b-5c7a-4961-93a7-eff2672dbc05');
INSERT INTO lecciones (id, title, video_url, module_id) VALUES ('1e72157c-08d7-4364-a53e-b76be22b76b8', 'Lección 48: Primeros pasos', 'https://www.grupo.es/', '969e20a8-1cf1-4d85-976e-21f8a41c5a6c');
INSERT INTO lecciones (id, title, video_url, module_id) VALUES ('0e403879-de6a-4f05-bb86-97c307361258', 'Lección 49: Primeros pasos', 'http://www.villaverde.org/', '54e2292c-48bf-485e-99c3-8f6c4cc1f767');
INSERT INTO lecciones (id, title, video_url, module_id) VALUES ('58f9e4e0-084b-42b4-b726-17be626de54b', 'Lección 50: Primeros pasos', 'https://hermanos.es/', 'a0371abf-a4df-422b-9136-4759ba02f586');
INSERT INTO lecciones (id, title, video_url, module_id) VALUES ('f02cb467-8a8c-4dba-b092-2450a892f3e8', 'Lección 51: Primeros pasos', 'https://www.compania.com/', 'ae018b34-cf80-49fc-b554-29a9f50a32af');
INSERT INTO lecciones (id, title, video_url, module_id) VALUES ('3e9bb6bb-4d0a-4b9e-9528-55aa556cb371', 'Lección 52: Primeros pasos', 'http://blanco.es/', '55709c39-c604-4c5e-b95a-b4e2a2bf734c');
INSERT INTO lecciones (id, title, video_url, module_id) VALUES ('ba0567c6-400a-4f5c-bebb-532a0247ca15', 'Lección 53: Primeros pasos', 'http://guillen.net/', 'f17687a9-2b3d-4fe2-9bb7-bb308c0e64e1');
INSERT INTO lecciones (id, title, video_url, module_id) VALUES ('5f406be5-26f2-4c41-9218-96997352cf86', 'Lección 54: Primeros pasos', 'http://farmaceutica.net/', 'f5427ed5-752c-476f-8385-4943670f6076');
INSERT INTO lecciones (id, title, video_url, module_id) VALUES ('027b03ec-4ab3-4f8a-b0d4-31f52a30c906', 'Lección 55: Primeros pasos', 'http://www.andres.com/', '44ad137b-3c9e-4783-bec7-d2ba3727cc9d');
INSERT INTO lecciones (id, title, video_url, module_id) VALUES ('8e999a44-955c-41e7-8f26-dca6820eb46f', 'Lección 56: Primeros pasos', 'http://grupo.org/', '193e5c75-c533-4047-aaf3-652c10c822b8');
INSERT INTO lecciones (id, title, video_url, module_id) VALUES ('66b62242-a1d8-4190-a34d-452034b8fc11', 'Lección 57: Primeros pasos', 'https://www.soluciones.es/', '0d39fa12-0a71-4ed0-8eca-0287a29e5cec');
INSERT INTO lecciones (id, title, video_url, module_id) VALUES ('65f1bc9f-aa42-4e8a-9d87-2a5e4b12cb54', 'Lección 58: Primeros pasos', 'https://www.hermanos.es/', 'f5090bfa-4d59-4bb8-87ea-f37c5e735cd7');
INSERT INTO lecciones (id, title, video_url, module_id) VALUES ('87ead199-f3a3-4ce6-af90-b164911a3270', 'Lección 59: Primeros pasos', 'http://www.emilio.es/', '5954c8f6-01ac-42fe-836e-5608856ea953');
INSERT INTO lecciones (id, title, video_url, module_id) VALUES ('35ccca13-40ab-4954-8e38-2971ca3307a9', 'Lección 60: Primeros pasos', 'https://www.donoso.org/', '88564611-b1d7-4923-aed3-44afc5244abd');
INSERT INTO lecciones (id, title, video_url, module_id) VALUES ('0657c0d7-460d-4c56-84f0-76deaca811dc', 'Lección 61: Primeros pasos', 'https://www.logistica.es/', 'e8017e56-4367-4681-bde6-323b6f483c86');
INSERT INTO lecciones (id, title, video_url, module_id) VALUES ('6b28966c-cef5-4d67-b268-8da5e025c98c', 'Lección 62: Primeros pasos', 'http://www.comercializadora.com/', '1e80f12e-4c96-4efb-902e-509d2d6877ef');
INSERT INTO lecciones (id, title, video_url, module_id) VALUES ('dadbfbf0-69ef-4f60-9ce6-1d6b995b6143', 'Lección 63: Primeros pasos', 'http://familia.com/', '1f59e70f-e680-4e4b-8ad6-24a71b83b21b');
INSERT INTO lecciones (id, title, video_url, module_id) VALUES ('5fd5f9d0-d2a5-40a6-8bbc-cd053dd85b77', 'Lección 64: Primeros pasos', 'https://www.reina.org/', '4600f3b7-c383-4227-b425-96680454cb52');
INSERT INTO lecciones (id, title, video_url, module_id) VALUES ('a6008760-178a-4058-9eac-f600360371ac', 'Lección 65: Primeros pasos', 'http://suministros.com/', '16b2b9db-ecd3-42d4-b05b-218ddb52c68e');
INSERT INTO lecciones (id, title, video_url, module_id) VALUES ('9dafbbc0-658b-4f8f-9af7-931587a7890d', 'Lección 66: Primeros pasos', 'http://supermercados.es/', '5e40366f-cec0-4471-96ec-b74ab4d199d1');
INSERT INTO lecciones (id, title, video_url, module_id) VALUES ('a319efdc-84d9-41a1-b317-b333e88bdced', 'Lección 67: Primeros pasos', 'http://www.mineria.es/', 'ae692822-b6e1-42ac-b7e3-69e72161ab46');
INSERT INTO lecciones (id, title, video_url, module_id) VALUES ('3b8f410f-eac4-4285-b4c4-1319c1baabbd', 'Lección 68: Primeros pasos', 'https://familia.com/', '0d02a570-f0a0-4644-a9f5-b33dd1a5d4f3');
INSERT INTO lecciones (id, title, video_url, module_id) VALUES ('a0aee3b8-c279-448c-bb77-a42ed310f46f', 'Lección 69: Primeros pasos', 'https://www.promociones.es/', '81e2c443-9814-4cdf-8a8c-3358bc189549');
INSERT INTO lecciones (id, title, video_url, module_id) VALUES ('e1231427-857c-488f-8463-d1483454a0e9', 'Lección 70: Primeros pasos', 'https://www.rossello.es/', 'c9d9a4b6-819b-4695-a1ef-c852c8c22c88');
INSERT INTO lecciones (id, title, video_url, module_id) VALUES ('cbabd1e1-c194-4cc8-af34-72e20e30a7f0', 'Lección 71: Primeros pasos', 'http://www.merino.com/', '7748aeb3-64fe-41df-9045-7b0aa030defe');
INSERT INTO lecciones (id, title, video_url, module_id) VALUES ('dca74a03-9a7f-4f5d-94e8-3d9895ecb2cb', 'Lección 72: Primeros pasos', 'https://suministros.es/', '9d1cef99-fe9a-476d-9566-89566b4ebd3a');
INSERT INTO lecciones (id, title, video_url, module_id) VALUES ('172e5c82-28c0-4c51-8012-6824d142841f', 'Lección 73: Primeros pasos', 'https://www.transportes.es/', '0d2d6688-79d5-4329-801b-40a82ea61a89');
INSERT INTO lecciones (id, title, video_url, module_id) VALUES ('de5b429d-7377-4292-bf42-e3a74761b6d8', 'Lección 74: Primeros pasos', 'https://bernardo.com/', '8e7727b3-f689-48c0-9b7b-b5b4b0ff550e');
INSERT INTO lecciones (id, title, video_url, module_id) VALUES ('094c21da-55c3-4c3e-9b1f-ccbeeb5fc448', 'Lección 75: Primeros pasos', 'https://promociones.com/', '5268ab60-6fc8-41c6-885a-b23018e0bff7');
INSERT INTO lecciones (id, title, video_url, module_id) VALUES ('727224e1-e1ab-4ce2-ae99-74906d95cfc9', 'Lección 76: Primeros pasos', 'http://www.transportes.net/', 'c6999c2e-4b78-4312-8ccb-42fcb45fe50a');
INSERT INTO lecciones (id, title, video_url, module_id) VALUES ('3f73007b-8d4f-497d-9078-f4ed1adc9b0e', 'Lección 77: Primeros pasos', 'http://familia.es/', 'ee25e445-1f94-47ab-8dcb-a2f5e17f88aa');
INSERT INTO lecciones (id, title, video_url, module_id) VALUES ('8d035b4c-1099-4a79-9915-ede1ff73827a', 'Lección 78: Primeros pasos', 'https://www.zorrilla.es/', 'f661ff69-70b7-487c-b5e2-98df974a72f5');
INSERT INTO lecciones (id, title, video_url, module_id) VALUES ('cfef9684-8d9b-468e-ba63-f91bf2a72182', 'Lección 79: Primeros pasos', 'https://tecnologias.es/', '0dd23303-731b-4667-9636-763b9930b991');
INSERT INTO lecciones (id, title, video_url, module_id) VALUES ('eb558766-ae28-4892-a2fd-6951f7d12079', 'Lección 80: Primeros pasos', 'https://olmo.es/', 'b2263493-4592-4f6f-9e02-c57c245c6e4e');
INSERT INTO lecciones (id, title, video_url, module_id) VALUES ('836a727d-5d9b-44e5-9e4a-4bfc98bd9252', 'Lección 81: Primeros pasos', 'https://www.compania.es/', 'becfc861-5ed2-472c-baeb-de7052bdfabd');
INSERT INTO lecciones (id, title, video_url, module_id) VALUES ('ff037b47-d0f8-4e6e-99fa-144e7b3c1c86', 'Lección 82: Primeros pasos', 'https://infraestructuras.es/', '4cc310a3-1985-45dc-9989-cc3f08c9fad7');
INSERT INTO lecciones (id, title, video_url, module_id) VALUES ('b4916f19-69ca-4e0a-9e82-87f74015f267', 'Lección 83: Primeros pasos', 'http://castilla.es/', 'd40abaa1-009d-43b3-87c8-e92b7ca6de28');
INSERT INTO lecciones (id, title, video_url, module_id) VALUES ('58be8d82-5ee2-4347-b73c-8d9d555bfc5b', 'Lección 84: Primeros pasos', 'http://hermanos.com/', '18439c05-e586-45df-9e4a-933a24196284');
INSERT INTO lecciones (id, title, video_url, module_id) VALUES ('040a0bc2-4726-4045-8955-cefb38f37f72', 'Lección 85: Primeros pasos', 'https://grupo.es/', '986db041-642a-4ff2-aa55-2ece1c85b10c');
INSERT INTO lecciones (id, title, video_url, module_id) VALUES ('1ccdbb14-334f-4cb6-ac11-1e63f29bf9e8', 'Lección 86: Primeros pasos', 'https://distribuciones.net/', 'e5a08239-e154-4580-8921-daa7d3893844');
INSERT INTO lecciones (id, title, video_url, module_id) VALUES ('95eb14e8-1520-4203-b992-1badae5c6b06', 'Lección 87: Primeros pasos', 'http://www.consultoria.org/', '7d83d145-ec52-49a4-baac-ac85978ea9a3');
INSERT INTO lecciones (id, title, video_url, module_id) VALUES ('c9c711f0-13bb-43e6-8400-ca88536b152c', 'Lección 88: Primeros pasos', 'http://narcisa.net/', 'bf1df41a-2470-4560-8773-260e91b44ebf');
INSERT INTO lecciones (id, title, video_url, module_id) VALUES ('37c9d0e7-fd99-4d5f-a3aa-ce30b1c598bb', 'Lección 89: Primeros pasos', 'http://pons.com/', 'd5a08a0b-ad62-4d73-a9e0-cdf833428909');
INSERT INTO lecciones (id, title, video_url, module_id) VALUES ('5cb11234-153d-4367-b835-de9ee5c1263b', 'Lección 90: Primeros pasos', 'https://www.talleres.net/', '0d2d25f8-cc82-4c73-8a91-093d78324506');
INSERT INTO lecciones (id, title, video_url, module_id) VALUES ('5daa0f5e-c63a-48e3-a45d-a55253ff6f99', 'Lección 91: Primeros pasos', 'http://www.gras.org/', 'bdd1cd46-7627-4ab1-b8e9-86c62b00a634');
INSERT INTO lecciones (id, title, video_url, module_id) VALUES ('d9157e3d-05c8-4e16-b6fc-0b5e25e42fe8', 'Lección 92: Primeros pasos', 'https://servicios.com/', '3ebcb8bd-9325-4873-83f7-c24f5383634a');
INSERT INTO lecciones (id, title, video_url, module_id) VALUES ('09426f78-da6a-4c21-809d-e96162229a82', 'Lección 93: Primeros pasos', 'https://restauracion.es/', '20c3b3bc-9806-4832-94cf-660d4e1b6bbb');
INSERT INTO lecciones (id, title, video_url, module_id) VALUES ('98bd4e88-9b33-4613-b51f-fcb50fdda5ba', 'Lección 94: Primeros pasos', 'http://despacho.es/', '9d764412-9680-4f2a-ab89-34410389960f');
INSERT INTO lecciones (id, title, video_url, module_id) VALUES ('47db4701-ab88-4c63-ba67-f6aa32287a47', 'Lección 95: Primeros pasos', 'https://familia.es/', 'b9d9d9ea-5c9f-486e-84f0-a36dea56d26a');
INSERT INTO lecciones (id, title, video_url, module_id) VALUES ('a900be79-1a63-404c-bde1-a054468d4f6e', 'Lección 96: Primeros pasos', 'http://fortuny.com/', '19e99b59-4cc8-4bed-b0ab-ee5501115707');
INSERT INTO lecciones (id, title, video_url, module_id) VALUES ('ea5682ff-dc2d-4d2f-9e1e-e8edc20d5f6c', 'Lección 97: Primeros pasos', 'http://www.hnos.com/', '4a11b090-5d22-46c6-bfff-66d037b5748e');
INSERT INTO lecciones (id, title, video_url, module_id) VALUES ('03de80fe-3609-4ef2-a766-fd2da968a040', 'Lección 98: Primeros pasos', 'http://www.mineria.com/', 'c465200c-ba31-49f1-84f0-4dd3e28724a1');
INSERT INTO lecciones (id, title, video_url, module_id) VALUES ('ba578fab-01e7-4a25-b22e-d057dd9bba13', 'Lección 99: Primeros pasos', 'https://marin.org/', '98555821-82e0-4826-8427-8adb28faf519');
INSERT INTO lecciones (id, title, video_url, module_id) VALUES ('74dc9434-f8c1-4608-a2ad-90c5efd72e1e', 'Lección 100: Primeros pasos', 'https://transportes.com/', 'bb93a8b7-f038-4f01-8a57-07d0da26a689');
INSERT INTO lecciones (id, title, video_url, module_id) VALUES ('ac5d2864-2924-4c5a-b643-8c3dddd4effa', 'Lección 101: Primeros pasos', 'http://finanzas.com/', 'aaf33f9e-8c50-47fd-81ff-ab80e7ccab5c');
